Notes,State,State Code,Year,Year Code,Deaths,Population,Crude Rate,Age Adjusted Rate
,Alabama,1,1999,1999,488,4430141,11,10.9
,Alabama,1,2000,2000,514,4447100,11.6,11.5
,Alabama,1,2001,2001,458,4467634,10.3,10.2
,Alabama,1,2002,2002,469,4480089,10.5,10.4
,Alabama,1,2003,2003,470,4503491,10.4,10.3
,Alabama,1,2004,2004,472,4530729,10.4,10.2
,Alabama,1,2005,2005,479,4569805,10.5,10.3
,Alabama,1,2006,2006,511,4628981,11,10.9
,Alabama,1,2007,2007,518,4672840,11.1,10.9
,Alabama,1,2008,2008,527,4718206,11.2,11
,Alabama,1,2009,2009,598,4757938,12.6,12.2
,Alabama,1,2010,2010,586,4779736,12.3,12.1
,Alabama,1,2011,2011,582,4802740,12.1,11.7
,Alabama,1,2012,2012,649,4822023,13.5,13.2
,Alabama,1,2013,2013,666,4833722,13.8,13.3
,Alabama,1,2014,2014,642,4849377,13.2,13
,Alabama,1,2015,2015,686,4858979,14.1,13.6
,Alabama,1,2016,2016,718,4863300,14.8,14.2
,Alabama,1,2017,2017,769,4874747,15.8,15.2
,Alabama,1,2018,2018,759,4887871,15.5,15.3
,Alabama,1,2019,2019,745,4903185,15.2,15.1
Total,Alabama,1,,,12306,98682634,12.5,12.2
,Alaska,2,1999,1999,78,624779,12.5,13.8
,Alaska,2,2000,2000,128,626932,20.4,19.8
,Alaska,2,2001,2001,86,633714,13.6,13.5
,Alaska,2,2002,2002,116,642337,18.1,18.4
,Alaska,2,2003,2003,109,648414,16.8,17.7
,Alaska,2,2004,2004,130,659286,19.7,19.4
,Alaska,2,2005,2005,119,666946,17.8,18.2
,Alaska,2,2006,2006,121,675302,17.9,17.9
,Alaska,2,2007,2007,139,680300,20.4,20.9
,Alaska,2,2008,2008,153,687455,22.3,22.1
,Alaska,2,2009,2009,117,698895,16.7,16.6
,Alaska,2,2010,2010,156,710231,22,21.7
,Alaska,2,2011,2011,132,722718,18.3,18.5
,Alaska,2,2012,2012,147,731449,20.1,20.1
,Alaska,2,2013,2013,156,735132,21.2,21.3
,Alaska,2,2014,2014,148,736732,20.1,19.5
,Alaska,2,2015,2015,180,738432,24.4,24
,Alaska,2,2016,2016,170,741894,22.9,22.9
,Alaska,2,2017,2017,178,739795,24.1,23.8
,Alaska,2,2018,2018,171,737438,23.2,22.9
,Alaska,2,2019,2019,192,731545,26.2,26.1
Total,Alaska,2,,,2926,14569726,20.1,20
,Arizona,4,1999,1999,611,5023823,12.2,12.3
,Arizona,4,2000,2000,646,5130632,12.6,12.8
,Arizona,4,2001,2001,645,5273477,12.2,12.4
,Arizona,4,2002,2002,733,5396255,13.6,13.7
,Arizona,4,2003,2003,691,5510364,12.5,12.7
,Arizona,4,2004,2004,718,5652404,12.7,12.9
,Arizona,4,2005,2005,784,5839077,13.4,13.6
,Arizona,4,2006,2006,800,6029141,13.3,13.3
,Arizona,4,2007,2007,789,6167681,12.8,12.9
,Arizona,4,2008,2008,773,6280362,12.3,12.3
,Arizona,4,2009,2009,847,6343154,13.4,13.3
,Arizona,4,2010,2010,892,6392017,14,13.8
,Arizona,4,2011,2011,952,6482505,14.7,14.6
,Arizona,4,2012,2012,953,6553255,14.5,14.2
,Arizona,4,2013,2013,968,6626624,14.6,14.6
,Arizona,4,2014,2014,1036,6731484,15.4,15.1
,Arizona,4,2015,2015,1054,6828065,15.4,15
,Arizona,4,2016,2016,1088,6931071,15.7,15.2
,Arizona,4,2017,2017,1149,7016270,16.4,15.8
,Arizona,4,2018,2018,1241,7171646,17.3,16.6
,Arizona,4,2019,2019,1229,7278717,16.9,16.2
Total,Arizona,4,,,18599,130658024,14.2,14.1
,Arkansas,5,1999,1999,289,2651860,10.9,10.8
,Arkansas,5,2000,2000,300,2673400,11.2,11.1
,Arkansas,5,2001,2001,339,2691571,12.6,12.6
,Arkansas,5,2002,2002,327,2705927,12.1,12.1
,Arkansas,5,2003,2003,314,2724816,11.5,11.4
,Arkansas,5,2004,2004,308,2749686,11.2,11.1
,Arkansas,5,2005,2005,330,2781097,11.9,11.8
,Arkansas,5,2006,2006,318,2821761,11.3,11.2
,Arkansas,5,2007,2007,338,2848650,11.9,11.9
,Arkansas,5,2008,2008,369,2874554,12.8,12.7
,Arkansas,5,2009,2009,365,2896843,12.6,12.5
,Arkansas,5,2010,2010,374,2915918,12.8,12.9
,Arkansas,5,2011,2011,394,2937979,13.4,13.6
,Arkansas,5,2012,2012,416,2949131,14.1,13.9
,Arkansas,5,2013,2013,453,2959373,15.3,15.2
,Arkansas,5,2014,2014,455,2966369,15.3,15.2
,Arkansas,5,2015,2015,496,2978204,16.7,16.3
,Arkansas,5,2016,2016,477,2988248,16,15.5
,Arkansas,5,2017,2017,553,3004279,18.4,18.2
,Arkansas,5,2018,2018,489,3013825,16.2,16.2
,Arkansas,5,2019,2019,504,3017804,16.7,16.4
Total,Arkansas,5,,,8208,60151295,13.6,13.5
,California,6,1999,1999,2514,33499204,7.5,7.8
,California,6,2000,2000,2486,33871648,7.3,7.7
,California,6,2001,2001,2494,34479458,7.2,7.5
,California,6,2002,2002,2552,34871843,7.3,7.6
,California,6,2003,2003,2687,35253159,7.6,7.8
,California,6,2004,2004,2668,35574576,7.5,7.7
,California,6,2005,2005,2525,35827943,7,7.2
,California,6,2006,2006,2569,36021202,7.1,7.2
,California,6,2007,2007,2776,36250311,7.7,7.7
,California,6,2008,2008,2932,36604337,8,8
,California,6,2009,2009,2996,36961229,8.1,8
,California,6,2010,2010,3057,37253956,8.2,8.1
,California,6,2011,2011,3151,37691912,8.4,8.2
,California,6,2012,2012,3142,38041430,8.3,8.1
,California,6,2013,2013,3222,38332521,8.4,8.2
,California,6,2014,2014,3437,38802500,8.9,8.6
,California,6,2015,2015,3442,39144818,8.8,8.5
,California,6,2016,2016,3563,39250017,9.1,8.8
,California,6,2017,2017,3630,39536653,9.2,8.9
,California,6,2018,2018,3821,39557045,9.7,9.3
,California,6,2019,2019,3771,39512223,9.5,9.1
Total,California,6,,,63435,776337985,8.2,8.1
,Colorado,8,1999,1999,433,4226018,10.2,10.4
,Colorado,8,2000,2000,496,4301261,11.5,11.6
,Colorado,8,2001,2001,540,4425687,12.2,12.4
,Colorado,8,2002,2002,559,4490406,12.4,12.5
,Colorado,8,2003,2003,556,4528732,12.3,12.4
,Colorado,8,2004,2004,599,4575013,13.1,13
,Colorado,8,2005,2005,619,4631888,13.4,13.4
,Colorado,8,2006,2006,573,4720423,12.1,12
,Colorado,8,2007,2007,607,4803868,12.6,12.5
,Colorado,8,2008,2008,606,4889730,12.4,12.2
,Colorado,8,2009,2009,734,4972195,14.8,14.6
,Colorado,8,2010,2010,690,5029196,13.7,13.5
,Colorado,8,2011,2011,712,5116796,13.9,13.6
,Colorado,8,2012,2012,854,5187582,16.5,16
,Colorado,8,2013,2013,761,5268367,14.4,14.1
,Colorado,8,2014,2014,855,5355866,16,15.7
,Colorado,8,2015,2015,902,5456574,16.5,16.2
,Colorado,8,2016,2016,978,5540545,17.7,17.2
,Colorado,8,2017,2017,983,5607154,17.5,17
,Colorado,8,2018,2018,1102,5695564,19.3,18.8
,Colorado,8,2019,2019,1094,5758736,19,18.4
Total,Colorado,8,,,15253,104581601,14.6,14.4
,Connecticut,9,1999,1999,199,3386401,5.9,5.8
,Connecticut,9,2000,2000,221,3405565,6.5,6.4
,Connecticut,9,2001,2001,211,3432835,6.1,6.1
,Connecticut,9,2002,2002,209,3458749,6,5.8
,Connecticut,9,2003,2003,192,3484336,5.5,5.3
,Connecticut,9,2004,2004,233,3496094,6.7,6.5
,Connecticut,9,2005,2005,246,3506956,7,6.8
,Connecticut,9,2006,2006,222,3517460,6.3,6.1
,Connecticut,9,2007,2007,214,3527270,6.1,5.8
,Connecticut,9,2008,2008,252,3545579,7.1,6.8
,Connecticut,9,2009,2009,238,3561807,6.7,6.5
,Connecticut,9,2010,2010,288,3574097,8.1,7.7
,Connecticut,9,2011,2011,282,3580709,7.9,7.5
,Connecticut,9,2012,2012,298,3590347,8.3,8
,Connecticut,9,2013,2013,252,3596080,7,6.7
,Connecticut,9,2014,2014,289,3596677,8,7.5
,Connecticut,9,2015,2015,299,3590886,8.3,7.8
,Connecticut,9,2016,2016,283,3576452,7.9,7.3
,Connecticut,9,2017,2017,321,3588184,8.9,8.3
,Connecticut,9,2018,2018,330,3572665,9.2,8.4
,Connecticut,9,2019,2019,330,3565287,9.3,8.7
Total,Connecticut,9,,,5409,74154436,7.3,7
,Delaware,10,1999,1999,73,774990,9.4,9.4
,Delaware,10,2000,2000,66,783600,8.4,8.4
,Delaware,10,2001,2001,84,795699,10.6,10.5
,Delaware,10,2002,2002,62,806169,7.7,7.6
,Delaware,10,2003,2003,75,818003,9.2,9.1
,Delaware,10,2004,2004,75,830803,9,8.9
,Delaware,10,2005,2005,73,845150,8.6,8.5
,Delaware,10,2006,2006,81,859268,9.4,9.1
,Delaware,10,2007,2007,76,871749,8.7,8.5
,Delaware,10,2008,2008,88,883874,10,9.6
,Delaware,10,2009,2009,77,891730,8.6,8.6
,Delaware,10,2010,2010,80,897934,8.9,8.6
,Delaware,10,2011,2011,81,907135,8.9,8.5
,Delaware,10,2012,2012,101,917092,11,10.6
,Delaware,10,2013,2013,98,925749,10.6,10.1
,Delaware,10,2014,2014,95,935614,10.2,9.9
,Delaware,10,2015,2015,101,945934,10.7,10.3
,Delaware,10,2016,2016,104,952065,10.9,9.9
,Delaware,10,2017,2017,99,961939,10.3,10.2
,Delaware,10,2018,2018,102,967171,10.5,10.4
,Delaware,10,2019,2019,95,973764,9.8,9.6
Total,Delaware,10,,,1786,18545432,9.6,9.4
,District of Columbia,11,1999,1999,29,570213,5.1,4.9
,District of Columbia,11,2000,2000,20,572059,3.5,3.3
,District of Columbia,11,2001,2001,36,574504,6.3,5.8
,District of Columbia,11,2002,2002,24,573158,4.2,4
,District of Columbia,11,2003,2003,29,568502,5.1,4.8
,District of Columbia,11,2004,2004,27,567754,4.8,4.5
,District of Columbia,11,2005,2005,22,567136,3.9,3.6
,District of Columbia,11,2006,2006,24,570681,4.2,4.2
,District of Columbia,11,2007,2007,23,574404,4,3.7
,District of Columbia,11,2008,2008,33,580236,5.7,5.5
,District of Columbia,11,2009,2009,26,592228,4.4,4
,District of Columbia,11,2010,2010,32,601723,5.3,5.3
,District of Columbia,11,2011,2011,22,617996,3.6,3.3
,District of Columbia,11,2012,2012,31,632323,4.9,4.8
,District of Columbia,11,2013,2013,26,646449,4,4
,District of Columbia,11,2014,2014,43,658893,6.5,6.4
,District of Columbia,11,2015,2015,32,672228,4.8,4.6
,District of Columbia,11,2016,2016,25,681170,3.7,3.2
,District of Columbia,11,2017,2017,38,693972,5.5,5.4
,District of Columbia,11,2018,2018,46,702455,6.5,6.4
,District of Columbia,11,2019,2019,37,705749,5.2,5.2
Total,District of Columbia,11,,,625,12923833,4.8,4.6
,Florida,12,1999,1999,1625,15759421,10.3,9.7
,Florida,12,2000,2000,1684,15982378,10.5,9.9
,Florida,12,2001,2001,1801,16356966,11,10.4
,Florida,12,2002,2002,1830,16689370,11,10.4
,Florida,12,2003,2003,1835,17004085,10.8,10.2
,Florida,12,2004,2004,1855,17415318,10.7,10.1
,Florida,12,2005,2005,1847,17842038,10.4,9.8
,Florida,12,2006,2006,1895,18166990,10.4,9.8
,Florida,12,2007,2007,2032,18367842,11.1,10.4
,Florida,12,2008,2008,2124,18527305,11.5,10.8
,Florida,12,2009,2009,2258,18652644,12.1,11.3
,Florida,12,2010,2010,2200,18801310,11.7,10.8
,Florida,12,2011,2011,2307,19057542,12.1,11.2
,Florida,12,2012,2012,2423,19317568,12.5,11.6
,Florida,12,2013,2013,2412,19552860,12.3,11.4
,Florida,12,2014,2014,2450,19893297,12.3,11.3
,Florida,12,2015,2015,2623,20271272,12.9,11.9
,Florida,12,2016,2016,2603,20612439,12.6,11.6
,Florida,12,2017,2017,2708,20984400,12.9,11.8
,Florida,12,2018,2018,3035,21299325,14.2,13
,Florida,12,2019,2019,2955,21477737,13.8,12.5
Total,Florida,12,,,46502,392032107,11.9,11
,Georgia,13,1999,1999,774,8045965,9.6,9.9
,Georgia,13,2000,2000,730,8186453,8.9,9.2
,Georgia,13,2001,2001,805,8377038,9.6,9.9
,Georgia,13,2002,2002,781,8508256,9.2,9.6
,Georgia,13,2003,2003,843,8622793,9.8,10.1
,Georgia,13,2004,2004,837,8769252,9.5,9.8
,Georgia,13,2005,2005,800,8925922,9,9.2
,Georgia,13,2006,2006,812,9155813,8.9,9.1
,Georgia,13,2007,2007,855,9349988,9.1,9.4
,Georgia,13,2008,2008,830,9504843,8.7,8.8
,Georgia,13,2009,2009,994,9620846,10.3,10.4
,Georgia,13,2010,2010,957,9687653,9.9,9.9
,Georgia,13,2011,2011,1009,9815210,10.3,10.2
,Georgia,13,2012,2012,1019,9919945,10.3,10.2
,Georgia,13,2013,2013,1048,9992167,10.5,10.4
,Georgia,13,2014,2014,1124,10097343,11.1,11
,Georgia,13,2015,2015,1156,10214860,11.3,11.2
,Georgia,13,2016,2016,1249,10310371,12.1,11.8
,Georgia,13,2017,2017,1292,10429379,12.4,12.1
,Georgia,13,2018,2018,1396,10519475,13.3,13
,Georgia,13,2019,2019,1429,10617423,13.5,13.2
Total,Georgia,13,,,20740,198670995,10.4,10.5
,Hawaii,15,1999,1999,112,1210300,9.3,9.1
,Hawaii,15,2000,2000,117,1211537,9.7,9.5
,Hawaii,15,2001,2001,111,1225948,9.1,8.9
,Hawaii,15,2002,2002,103,1239613,8.3,8.1
,Hawaii,15,2003,2003,105,1251154,8.4,8.2
,Hawaii,15,2004,2004,99,1273569,7.8,7.5
,Hawaii,15,2005,2005,90,1292729,7,6.9
,Hawaii,15,2006,2006,99,1309731,7.6,7.5
,Hawaii,15,2007,2007,121,1315675,9.2,8.7
,Hawaii,15,2008,2008,114,1332213,8.6,8.4
,Hawaii,15,2009,2009,145,1346717,10.8,10.4
,Hawaii,15,2010,2010,168,1360301,12.4,12.2
,Hawaii,15,2011,2011,150,1374810,10.9,10.7
,Hawaii,15,2012,2012,160,1392313,11.5,11
,Hawaii,15,2013,2013,145,1404054,10.3,10.1
,Hawaii,15,2014,2014,170,1419561,12,11.5
,Hawaii,15,2015,2015,173,1431603,12.1,11.8
,Hawaii,15,2016,2016,155,1428557,10.9,10.8
,Hawaii,15,2017,2017,187,1427538,13.1,12.7
,Hawaii,15,2018,2018,156,1420491,11,10.5
,Hawaii,15,2019,2019,192,1415872,13.6,13.6
Total,Hawaii,15,,,2872,28084286,10.2,10
,Idaho,16,1999,1999,151,1275674,11.8,12.3
,Idaho,16,2000,2000,141,1293953,10.9,11.3
,Idaho,16,2001,2001,171,1319962,13,13.2
,Idaho,16,2002,2002,168,1340372,12.5,12.9
,Idaho,16,2003,2003,182,1363380,13.3,13.7
,Idaho,16,2004,2004,208,1391802,14.9,15.4
,Idaho,16,2005,2005,194,1428241,13.6,14
,Idaho,16,2006,2006,184,1468669,12.5,13
,Idaho,16,2007,2007,188,1505105,12.5,12.7
,Idaho,16,2008,2008,203,1534320,13.2,13.3
,Idaho,16,2009,2009,243,1554439,15.6,16.1
,Idaho,16,2010,2010,245,1567582,15.6,15.8
,Idaho,16,2011,2011,227,1584985,14.3,14.7
,Idaho,16,2012,2012,255,1595728,16,16.3
,Idaho,16,2013,2013,253,1612136,15.7,15.7
,Idaho,16,2014,2014,264,1634464,16.2,16.4
,Idaho,16,2015,2015,302,1654930,18.2,18.5
,Idaho,16,2016,2016,295,1683140,17.5,17.9
,Idaho,16,2017,2017,340,1716943,19.8,20.1
,Idaho,16,2018,2018,366,1754208,20.9,21.1
,Idaho,16,2019,2019,323,1787065,18.1,18.1
Total,Idaho,16,,,4903,32067098,15.3,15.5
,Illinois,17,1999,1999,823,12359020,6.7,6.7
,Illinois,17,2000,2000,779,12419293,6.3,6.3
,Illinois,17,2001,2001,903,12488445,7.2,7.3
,Illinois,17,2002,2002,911,12525556,7.3,7.3
,Illinois,17,2003,2003,792,12556006,6.3,6.3
,Illinois,17,2004,2004,824,12589773,6.5,6.5
,Illinois,17,2005,2005,849,12609903,6.7,6.7
,Illinois,17,2006,2006,783,12643955,6.2,6.1
,Illinois,17,2007,2007,870,12695866,6.9,6.8
,Illinois,17,2008,2008,936,12747038,7.3,7.2
,Illinois,17,2009,2009,914,12796778,7.1,7.1
,Illinois,17,2010,2010,952,12830632,7.4,7.2
,Illinois,17,2011,2011,994,12869257,7.7,7.6
,Illinois,17,2012,2012,1055,12875255,8.2,8
,Illinois,17,2013,2013,1062,12882135,8.2,8
,Illinois,17,2014,2014,1134,12880580,8.8,8.6
,Illinois,17,2015,2015,1106,12859995,8.6,8.4
,Illinois,17,2016,2016,1166,12801539,9.1,8.9
,Illinois,17,2017,2017,1229,12802023,9.6,9.4
,Illinois,17,2018,2018,1242,12741080,9.7,9.4
,Illinois,17,2019,2019,1208,12671821,9.5,9.1
Total,Illinois,17,,,20532,266645950,7.7,7.6
,Indiana,18,1999,1999,511,6044969,8.5,8.5
,Indiana,18,2000,2000,566,6080485,9.3,9.3
,Indiana,18,2001,2001,571,6127760,9.3,9.3
,Indiana,18,2002,2002,625,6155967,10.2,10.2
,Indiana,18,2003,2003,597,6196638,9.6,9.7
,Indiana,18,2004,2004,572,6233007,9.2,9.2
,Indiana,18,2005,2005,611,6278616,9.7,9.7
,Indiana,18,2006,2006,665,6332669,10.5,10.5
,Indiana,18,2007,2007,633,6379599,9.9,9.9
,Indiana,18,2008,2008,665,6424806,10.4,10.3
,Indiana,18,2009,2009,681,6459325,10.5,10.5
,Indiana,18,2010,2010,682,6483802,10.5,10.4
,Indiana,18,2011,2011,702,6516922,10.8,10.8
,Indiana,18,2012,2012,783,6537334,12,11.9
,Indiana,18,2013,2013,792,6570902,12.1,12
,Indiana,18,2014,2014,798,6596855,12.1,12.1
,Indiana,18,2015,2015,822,6619680,12.4,12.2
,Indiana,18,2016,2016,903,6633053,13.6,13.4
,Indiana,18,2017,2017,984,6666818,14.8,14.7
,Indiana,18,2018,2018,947,6691878,14.2,14.1
,Indiana,18,2019,2019,857,6732219,12.7,12.5
Total,Indiana,18,,,14967,134763304,11.1,11
,Iowa,19,1999,1999,246,2917634,8.4,8.2
,Iowa,19,2000,2000,228,2926324,7.8,7.7
,Iowa,19,2001,2001,237,2931997,8.1,7.9
,Iowa,19,2002,2002,255,2934234,8.7,8.7
,Iowa,19,2003,2003,288,2941999,9.8,9.7
,Iowa,19,2004,2004,267,2953635,9,8.9
,Iowa,19,2005,2005,270,2964454,9.1,9
,Iowa,19,2006,2006,261,2982644,8.8,8.7
,Iowa,19,2007,2007,231,2999212,7.7,7.6
,Iowa,19,2008,2008,288,3016734,9.5,9.5
,Iowa,19,2009,2009,286,3032870,9.4,9.5
,Iowa,19,2010,2010,282,3046355,9.3,9.1
,Iowa,19,2011,2011,339,3062309,11.1,11.3
,Iowa,19,2012,2012,319,3074186,10.4,10.6
,Iowa,19,2013,2013,377,3090416,12.2,12.1
,Iowa,19,2014,2014,339,3107126,10.9,10.8
,Iowa,19,2015,2015,352,3123899,11.3,11.3
,Iowa,19,2016,2016,380,3134693,12.1,12.2
,Iowa,19,2017,2017,395,3145711,12.6,12.3
,Iowa,19,2018,2018,418,3156145,13.2,13.3
,Iowa,19,2019,2019,446,3155070,14.1,14.2
Total,Iowa,19,,,6504,63697647,10.2,10.2
,Kansas,20,1999,1999,243,2678338,9.1,9.1
,Kansas,20,2000,2000,266,2688418,9.9,10
,Kansas,20,2001,2001,238,2702162,8.8,8.9
,Kansas,20,2002,2002,274,2713535,10.1,10
,Kansas,20,2003,2003,272,2723004,10,10
,Kansas,20,2004,2004,301,2734373,11,11.1
,Kansas,20,2005,2005,277,2745299,10.1,10.1
,Kansas,20,2006,2006,307,2762931,11.1,11.2
,Kansas,20,2007,2007,297,2783785,10.7,10.6
,Kansas,20,2008,2008,293,2808076,10.4,10.4
,Kansas,20,2009,2009,307,2832704,10.8,10.9
,Kansas,20,2010,2010,335,2853118,11.7,11.7
,Kansas,20,2011,2011,332,2871238,11.6,11.6
,Kansas,20,2012,2012,428,2885905,14.8,14.9
,Kansas,20,2013,2013,360,2893957,12.4,12.5
,Kansas,20,2014,2014,386,2904021,13.3,13.4
,Kansas,20,2015,2015,398,2911641,13.7,13.7
,Kansas,20,2016,2016,421,2907289,14.5,14.7
,Kansas,20,2017,2017,486,2913123,16.7,16.9
,Kansas,20,2018,2018,481,2911505,16.5,16.6
,Kansas,20,2019,2019,461,2913314,15.8,15.9
Total,Kansas,20,,,7163,59137736,12.1,12.1
,Kentucky,21,1999,1999,418,4018053,10.4,10.3
,Kentucky,21,2000,2000,461,4041769,11.4,11.3
,Kentucky,21,2001,2001,422,4068132,10.4,10.3
,Kentucky,21,2002,2002,462,4089875,11.3,11.1
,Kentucky,21,2003,2003,496,4117170,12,11.9
,Kentucky,21,2004,2004,491,4146101,11.8,11.6
,Kentucky,21,2005,2005,495,4182742,11.8,11.7
,Kentucky,21,2006,2006,535,4219239,12.7,12.6
,Kentucky,21,2007,2007,564,4256672,13.2,13.1
,Kentucky,21,2008,2008,526,4289878,12.3,12
,Kentucky,21,2009,2009,507,4317074,11.7,11.5
,Kentucky,21,2010,2010,550,4339367,12.7,12.4
,Kentucky,21,2011,2011,594,4369356,13.6,13.3
,Kentucky,21,2012,2012,631,4380415,14.4,14.2
,Kentucky,21,2013,2013,615,4395295,14,13.5
,Kentucky,21,2014,2014,654,4413457,14.8,14.4
,Kentucky,21,2015,2015,704,4425092,15.9,15.5
,Kentucky,21,2016,2016,685,4436974,15.4,15.2
,Kentucky,21,2017,2017,685,4454189,15.4,15.1
,Kentucky,21,2018,2018,742,4468402,16.6,16.2
,Kentucky,21,2019,2019,675,4467673,15.1,14.8
Total,Kentucky,21,,,11912,89896925,13.3,13
,Louisiana,22,1999,1999,465,4460811,10.4,10.6
,Louisiana,22,2000,2000,410,4468976,9.2,9.3
,Louisiana,22,2001,2001,429,4477875,9.6,9.8
,Louisiana,22,2002,2002,444,4497267,9.9,10
,Louisiana,22,2003,2003,397,4521042,8.8,8.9
,Louisiana,22,2004,2004,479,4552238,10.5,10.6
,Louisiana,22,2005,2005,450,4576628,9.8,9.8
,Louisiana,22,2006,2006,440,4302665,10.2,10.3
,Louisiana,22,2007,2007,468,4375581,10.7,10.7
,Louisiana,22,2008,2008,485,4435586,10.9,10.9
,Louisiana,22,2009,2009,445,4491648,9.9,9.9
,Louisiana,22,2010,2010,502,4533372,11.1,11.1
,Louisiana,22,2011,2011,505,4574836,11,11.1
,Louisiana,22,2012,2012,511,4601893,11.1,11.2
,Louisiana,22,2013,2013,531,4625470,11.5,11.3
,Louisiana,22,2014,2014,613,4649676,13.2,12.9
,Louisiana,22,2015,2015,649,4670724,13.9,13.7
,Louisiana,22,2016,2016,616,4681666,13.2,12.9
,Louisiana,22,2017,2017,652,4684333,13.9,13.8
,Louisiana,22,2018,2018,657,4659978,14.1,13.8
,Louisiana,22,2019,2019,635,4648794,13.7,13.6
Total,Louisiana,22,,,10783,95491059,11.3,11.3
,Maine,23,1999,1999,134,1266808,10.6,10.3
,Maine,23,2000,2000,137,1274923,10.7,10.5
,Maine,23,2001,2001,127,1285692,9.9,9.5
,Maine,23,2002,2002,123,1295960,9.5,9.3
,Maine,23,2003,2003,111,1306513,8.5,8.1
,Maine,23,2004,2004,140,1313688,10.7,10.2
,Maine,23,2005,2005,145,1318787,11,10.4
,Maine,23,2006,2006,126,1323619,9.5,8.9
,Maine,23,2007,2007,147,1327040,11.1,10.6
,Maine,23,2008,2008,147,1330509,11,10.4
,Maine,23,2009,2009,150,1329590,11.3,10.8
,Maine,23,2010,2010,150,1328361,11.3,10.5
,Maine,23,2011,2011,186,1328188,14,13.2
,Maine,23,2012,2012,168,1329192,12.6,11.7
,Maine,23,2013,2013,203,1328302,15.3,14.6
,Maine,23,2014,2014,189,1330089,14.2,13.5
,Maine,23,2015,2015,194,1329328,14.6,13.6
,Maine,23,2016,2016,178,1331479,13.4,12.6
,Maine,23,2017,2017,216,1335907,16.2,15.1
,Maine,23,2018,2018,229,1338404,17.1,15.7
,Maine,23,2019,2019,230,1344212,17.1,16.3
Total,Maine,23,,,3430,27696591,12.4,11.7
,Maryland,24,1999,1999,358,5254509,6.8,6.8
,Maryland,24,2000,2000,392,5296486,7.4,7.5
,Maryland,24,2001,2001,367,5374691,6.8,6.8
,Maryland,24,2002,2002,388,5440389,7.1,7.2
,Maryland,24,2003,2003,408,5496269,7.4,7.4
,Maryland,24,2004,2004,408,5546935,7.4,7.3
,Maryland,24,2005,2005,392,5592379,7,7
,Maryland,24,2006,2006,421,5627367,7.5,7.4
,Maryland,24,2007,2007,434,5653408,7.7,7.6
,Maryland,24,2008,2008,437,5684965,7.7,7.5
,Maryland,24,2009,2009,473,5730388,8.3,8
,Maryland,24,2010,2010,424,5773552,7.3,7
,Maryland,24,2011,2011,459,5828289,7.9,7.6
,Maryland,24,2012,2012,478,5884563,8.1,7.8
,Maryland,24,2013,2013,475,5928814,8,7.7
,Maryland,24,2014,2014,503,5976407,8.4,8.1
,Maryland,24,2015,2015,451,6006401,7.5,7.2
,Maryland,24,2016,2016,471,6016447,7.8,7.5
,Maryland,24,2017,2017,525,6052177,8.7,8.2
,Maryland,24,2018,2018,540,6042718,8.9,8.5
,Maryland,24,2019,2019,553,6045680,9.1,8.7
Total,Maryland,24,,,9357,120252834,7.8,7.6
,Massachusetts,25,1999,1999,320,6317345,5.1,4.9
,Massachusetts,25,2000,2000,291,6349097,4.6,4.5
,Massachusetts,25,2001,2001,319,6397634,5,4.9
,Massachusetts,25,2002,2002,335,6417206,5.2,5.1
,Massachusetts,25,2003,2003,336,6422565,5.2,5.1
,Massachusetts,25,2004,2004,334,6412281,5.2,5.1
,Massachusetts,25,2005,2005,367,6403290,5.7,5.5
,Massachusetts,25,2006,2006,327,6410084,5.1,4.9
,Massachusetts,25,2007,2007,388,6431559,6,5.8
,Massachusetts,25,2008,2008,396,6468967,6.1,5.9
,Massachusetts,25,2009,2009,402,6517613,6.2,5.9
,Massachusetts,25,2010,2010,481,6547629,7.3,7.1
,Massachusetts,25,2011,2011,449,6587536,6.8,6.5
,Massachusetts,25,2012,2012,476,6646144,7.2,6.9
,Massachusetts,25,2013,2013,444,6692824,6.6,6.5
,Massachusetts,25,2014,2014,481,6745408,7.1,6.7
,Massachusetts,25,2015,2015,507,6794422,7.5,7.1
,Massachusetts,25,2016,2016,495,6811779,7.3,6.9
,Massachusetts,25,2017,2017,563,6859819,8.2,7.9
,Massachusetts,25,2018,2018,604,6902149,8.8,8.1
,Massachusetts,25,2019,2019,524,6892503,7.6,7.1
Total,Massachusetts,25,,,8839,138027854,6.4,6.2
,Michigan,26,1999,1999,785,9897116,7.9,8
,Michigan,26,2000,2000,778,9938444,7.8,7.9
,Michigan,26,2001,2001,837,9991120,8.4,8.4
,Michigan,26,2002,2002,891,10015710,8.9,8.9
,Michigan,26,2003,2003,835,10041152,8.3,8.3
,Michigan,26,2004,2004,856,10055315,8.5,8.5
,Michigan,26,2005,2005,865,10051137,8.6,8.6
,Michigan,26,2006,2006,897,10036081,8.9,8.8
,Michigan,26,2007,2007,906,10001284,9.1,8.9
,Michigan,26,2008,2008,946,9946889,9.5,9.4
,Michigan,26,2009,2009,923,9901591,9.3,9.1
,Michigan,26,2010,2010,1003,9883640,10.1,10
,Michigan,26,2011,2011,1015,9876187,10.3,10.2
,Michigan,26,2012,2012,1044,9883360,10.6,10.3
,Michigan,26,2013,2013,1094,9895622,11.1,10.9
,Michigan,26,2014,2014,1118,9909877,11.3,11
,Michigan,26,2015,2015,1166,9922576,11.8,11.4
,Michigan,26,2016,2016,1136,9928300,11.4,11.1
,Michigan,26,2017,2017,1192,9962311,12,11.6
,Michigan,26,2018,2018,1342,9995915,13.4,13.1
,Michigan,26,2019,2019,1263,9986857,12.6,12.3
Total,Michigan,26,,,20892,209120484,10,9.8
,Minnesota,27,1999,1999,337,4873481,6.9,6.9
,Minnesota,27,2000,2000,358,4919479,7.3,7.2
,Minnesota,27,2001,2001,371,4982796,7.4,7.4
,Minnesota,27,2002,2002,388,5018935,7.7,7.7
,Minnesota,27,2003,2003,391,5053572,7.7,7.7
,Minnesota,27,2004,2004,406,5087713,8,7.9
,Minnesota,27,2005,2005,421,5119598,8.2,8.1
,Minnesota,27,2006,2006,420,5163555,8.1,8.1
,Minnesota,27,2007,2007,454,5207203,8.7,8.6
,Minnesota,27,2008,2008,469,5247018,8.9,8.9
,Minnesota,27,2009,2009,480,5281203,9.1,8.9
,Minnesota,27,2010,2010,484,5303925,9.1,9
,Minnesota,27,2011,2011,544,5344861,10.2,10
,Minnesota,27,2012,2012,535,5379139,9.9,9.8
,Minnesota,27,2013,2013,550,5420380,10.1,9.8
,Minnesota,27,2014,2014,566,5457173,10.4,10.1
,Minnesota,27,2015,2015,593,5489594,10.8,10.7
,Minnesota,27,2016,2016,616,5519952,11.2,10.8
,Minnesota,27,2017,2017,659,5576606,11.8,11.7
,Minnesota,27,2018,2018,638,5611179,11.4,11.4
,Minnesota,27,2019,2019,661,5639632,11.7,11.5
Total,Minnesota,27,,,10341,110696994,9.3,9.2
,Mississippi,28,1999,1999,281,2828408,9.9,10.2
,Mississippi,28,2000,2000,258,2844658,9.1,9.2
,Mississippi,28,2001,2001,290,2852994,10.2,10.3
,Mississippi,28,2002,2002,302,2858681,10.6,10.7
,Mississippi,28,2003,2003,307,2868312,10.7,10.9
,Mississippi,28,2004,2004,309,2889010,10.7,10.7
,Mississippi,28,2005,2005,328,2905943,11.3,11.5
,Mississippi,28,2006,2006,283,2904978,9.7,9.9
,Mississippi,28,2007,2007,361,2928350,12.3,12.4
,Mississippi,28,2008,2008,367,2947806,12.4,12.4
,Mississippi,28,2009,2009,342,2958774,11.6,11.7
,Mississippi,28,2010,2010,329,2967297,11.1,11
,Mississippi,28,2011,2011,354,2978512,11.9,11.9
,Mississippi,28,2012,2012,378,2984926,12.7,12.9
,Mississippi,28,2013,2013,360,2991207,12,12.1
,Mississippi,28,2014,2014,345,2994079,11.5,11.3
,Mississippi,28,2015,2015,389,2992333,13,12.7
,Mississippi,28,2016,2016,355,2988726,11.9,11.8
,Mississippi,28,2017,2017,404,2984100,13.5,13.6
,Mississippi,28,2018,2018,403,2986530,13.5,13.1
,Mississippi,28,2019,2019,413,2976149,13.9,13.7
Total,Mississippi,28,,,7158,61631773,11.6,11.6
,Missouri,29,1999,1999,574,5561948,10.3,10.2
,Missouri,29,2000,2000,577,5595211,10.3,10.2
,Missouri,29,2001,2001,588,5641142,10.4,10.4
,Missouri,29,2002,2002,570,5674825,10,10
,Missouri,29,2003,2003,538,5709403,9.4,9.3
,Missouri,29,2004,2004,571,5747741,9.9,9.9
,Missouri,29,2005,2005,578,5790300,10,9.9
,Missouri,29,2006,2006,630,5842704,10.8,10.6
,Missouri,29,2007,2007,663,5887612,11.3,11.1
,Missouri,29,2008,2008,646,5923916,10.9,10.7
,Missouri,29,2009,2009,699,5961088,11.7,11.6
,Missouri,29,2010,2010,721,5988927,12,11.8
,Missouri,29,2011,2011,781,6010688,13,12.8
,Missouri,29,2012,2012,772,6021988,12.8,12.5
,Missouri,29,2013,2013,814,6044171,13.5,13.3
,Missouri,29,2014,2014,872,6063589,14.4,14
,Missouri,29,2015,2015,884,6083672,14.5,14.4
,Missouri,29,2016,2016,967,6093000,15.9,15.8
,Missouri,29,2017,2017,1007,6113532,16.5,16.1
,Missouri,29,2018,2018,1085,6126452,17.7,17.3
,Missouri,29,2019,2019,1016,6137428,16.6,16.3
Total,Missouri,29,,,15553,124019337,12.5,12.3
,Montana,30,1999,1999,125,897507,13.9,13.6
,Montana,30,2000,2000,134,902195,14.9,14.9
,Montana,30,2001,2001,150,906961,16.5,16.7
,Montana,30,2002,2002,147,911667,16.1,16
,Montana,30,2003,2003,153,919630,16.6,16.5
,Montana,30,2004,2004,134,930009,14.4,14.2
,Montana,30,2005,2005,175,940102,18.6,18.6
,Montana,30,2006,2006,145,952692,15.2,14.9
,Montana,30,2007,2007,153,964706,15.9,15.1
,Montana,30,2008,2008,162,976415,16.6,16.4
,Montana,30,2009,2009,179,983982,18.2,17.2
,Montana,30,2010,2010,181,989415,18.3,17.2
,Montana,30,2011,2011,202,998199,20.2,19.8
,Montana,30,2012,2012,205,1005141,20.4,19.8
,Montana,30,2013,2013,203,1015165,20,19.7
,Montana,30,2014,2014,208,1023579,20.3,19.8
,Montana,30,2015,2015,239,1032949,23.1,22.1
,Montana,30,2016,2016,243,1042520,23.3,23.7
,Montana,30,2017,2017,280,1050493,26.7,26
,Montana,30,2018,2018,225,1062305,21.2,21.4
,Montana,30,2019,2019,253,1068778,23.7,23.1
Total,Montana,30,,,3896,20574410,18.9,18.5
,Nebraska,31,1999,1999,150,1704764,8.8,8.9
,Nebraska,31,2000,2000,163,1711263,9.5,9.5
,Nebraska,31,2001,2001,156,1719836,9.1,9.1
,Nebraska,31,2002,2002,162,1728292,9.4,9.4
,Nebraska,31,2003,2003,145,1738643,8.3,8.3
,Nebraska,31,2004,2004,129,1749370,7.4,7.3
,Nebraska,31,2005,2005,152,1761497,8.6,8.8
,Nebraska,31,2006,2006,164,1772693,9.3,9
,Nebraska,31,2007,2007,150,1783440,8.4,8.3
,Nebraska,31,2008,2008,160,1796378,8.9,8.9
,Nebraska,31,2009,2009,150,1812683,8.3,8.2
,Nebraska,31,2010,2010,159,1826341,8.7,8.6
,Nebraska,31,2011,2011,170,1842641,9.2,9.3
,Nebraska,31,2012,2012,187,1855525,10.1,10.1
,Nebraska,31,2013,2013,189,1868516,10.1,10.1
,Nebraska,31,2014,2014,217,1881503,11.5,11.6
,Nebraska,31,2015,2015,192,1896190,10.1,10.2
,Nebraska,31,2016,2016,214,1907116,11.2,11.4
,Nebraska,31,2017,2017,240,1920076,12.5,12.7
,Nebraska,31,2018,2018,238,1929268,12.3,11.8
,Nebraska,31,2019,2019,257,1934408,13.3,13.4
Total,Nebraska,31,,,3744,38140443,9.8,9.8
,Nevada,32,1999,1999,331,1934718,17.1,17.6
,Nevada,32,2000,2000,310,1998257,15.5,15.7
,Nevada,32,2001,2001,301,2098399,14.3,14.5
,Nevada,32,2002,2002,327,2173791,15,15.2
,Nevada,32,2003,2003,346,2248850,15.4,15.9
,Nevada,32,2004,2004,363,2346222,15.5,15.7
,Nevada,32,2005,2005,365,2432143,15,15
,Nevada,32,2006,2006,382,2522658,15.1,15.3
,Nevada,32,2007,2007,364,2601072,14,14
,Nevada,32,2008,2008,418,2653630,15.8,15.6
,Nevada,32,2009,2009,406,2684665,15.1,15.1
,Nevada,32,2010,2010,425,2700551,15.7,15.5
,Nevada,32,2011,2011,399,2723322,14.7,14.3
,Nevada,32,2012,2012,393,2758931,14.2,13.8
,Nevada,32,2013,2013,424,2790136,15.2,14.7
,Nevada,32,2014,2014,469,2839099,16.5,16
,Nevada,32,2015,2015,452,2890845,15.6,15
,Nevada,32,2016,2016,508,2940058,17.3,16.8
,Nevada,32,2017,2017,508,2998039,16.9,16.5
,Nevada,32,2018,2018,552,3034392,18.2,17.7
,Nevada,32,2019,2019,540,3080156,17.5,16.7
Total,Nevada,32,,,8583,54449934,15.8,15.5
,New Hampshire,33,1999,1999,106,1222014,8.7,8.7
,New Hampshire,33,2000,2000,104,1235786,8.4,8.3
,New Hampshire,33,2001,2001,124,1255517,9.9,9.9
,New Hampshire,33,2002,2002,106,1269089,8.4,8.3
,New Hampshire,33,2003,2003,129,1279840,10.1,9.8
,New Hampshire,33,2004,2004,101,1290121,7.8,7.5
,New Hampshire,33,2005,2005,132,1298492,10.2,9.9
,New Hampshire,33,2006,2006,115,1308389,8.8,8.5
,New Hampshire,33,2007,2007,113,1312540,8.6,8.2
,New Hampshire,33,2008,2008,135,1315906,10.3,9.9
,New Hampshire,33,2009,2009,133,1316102,10.1,9.6
,New Hampshire,33,2010,2010,156,1316470,11.8,11.3
,New Hampshire,33,2011,2011,144,1318194,10.9,10
,New Hampshire,33,2012,2012,169,1320718,12.8,11.9
,New Hampshire,33,2013,2013,142,1323459,10.7,9.9
,New Hampshire,33,2014,2014,199,1326813,15,14.5
,New Hampshire,33,2015,2015,176,1330608,13.2,12.8
,New Hampshire,33,2016,2016,199,1334795,14.9,14.3
,New Hampshire,33,2017,2017,217,1342795,16.2,15.6
,New Hampshire,33,2018,2018,233,1356458,17.2,16.4
,New Hampshire,33,2019,2019,222,1359711,16.3,15.3
Total,New Hampshire,33,,,3155,27433817,11.5,11
,New Jersey,34,1999,1999,442,8359592,5.3,5.2
,New Jersey,34,2000,2000,415,8414350,4.9,4.9
,New Jersey,34,2001,2001,421,8492671,5,4.9
,New Jersey,34,2002,2002,414,8552643,4.8,4.7
,New Jersey,34,2003,2003,462,8601402,5.4,5.3
,New Jersey,34,2004,2004,476,8634561,5.5,5.4
,New Jersey,34,2005,2005,407,8651974,4.7,4.6
,New Jersey,34,2006,2006,458,8661679,5.3,5.2
,New Jersey,34,2007,2007,470,8677885,5.4,5.3
,New Jersey,34,2008,2008,503,8711090,5.8,5.5
,New Jersey,34,2009,2009,483,8755602,5.5,5.3
,New Jersey,34,2010,2010,576,8791894,6.6,6.3
,New Jersey,34,2011,2011,546,8821155,6.2,5.9
,New Jersey,34,2012,2012,542,8864590,6.1,5.9
,New Jersey,34,2013,2013,614,8899339,6.9,6.5
,New Jersey,34,2014,2014,638,8938175,7.1,6.8
,New Jersey,34,2015,2015,630,8958013,7,6.7
,New Jersey,34,2016,2016,571,8944469,6.4,6
,New Jersey,34,2017,2017,637,9005644,7.1,6.7
,New Jersey,34,2018,2018,649,8908520,7.3,7
,New Jersey,34,2019,2019,645,8882190,7.3,6.8
Total,New Jersey,34,,,10999,183527438,6,5.8
,New Mexico,35,1999,1999,259,1808082,14.3,14.7
,New Mexico,35,2000,2000,257,1819046,14.1,14.4
,New Mexico,35,2001,2001,291,1831690,15.9,16.3
,New Mexico,35,2002,2002,288,1855309,15.5,15.8
,New Mexico,35,2003,2003,294,1877574,15.7,15.9
,New Mexico,35,2004,2004,298,1903808,15.7,15.7
,New Mexico,35,2005,2005,274,1932274,14.2,14.1
,New Mexico,35,2006,2006,283,1962137,14.4,14.5
,New Mexico,35,2007,2007,312,1990070,15.7,15.9
,New Mexico,35,2008,2008,318,2010662,15.8,15.7
,New Mexico,35,2009,2009,304,2036802,14.9,14.8
,New Mexico,35,2010,2010,311,2059179,15.1,15.3
,New Mexico,35,2011,2011,341,2082224,16.4,16.6
,New Mexico,35,2012,2012,364,2085538,17.5,17.5
,New Mexico,35,2013,2013,343,2085287,16.4,16.3
,New Mexico,35,2014,2014,386,2085572,18.5,18
,New Mexico,35,2015,2015,410,2085109,19.7,19.4
,New Mexico,35,2016,2016,389,2081015,18.7,18.6
,New Mexico,35,2017,2017,426,2088070,20.4,20.2
,New Mexico,35,2018,2018,456,2095428,21.8,21.4
,New Mexico,35,2019,2019,457,2096829,21.8,21.4
Total,New Mexico,35,,,7061,41871705,16.9,16.9
,New York,36,1999,1999,1016,18882725,5.4,5.3
,New York,36,2000,2000,984,18976457,5.2,5.1
,New York,36,2001,2001,1000,19082838,5.2,5.2
,New York,36,2002,2002,1038,19137800,5.4,5.3
,New York,36,2003,2003,994,19175939,5.2,5.1
,New York,36,2004,2004,1029,19171567,5.4,5.3
,New York,36,2005,2005,1025,19132610,5.4,5.2
,New York,36,2006,2006,1075,19104631,5.6,5.5
,New York,36,2007,2007,1099,19132335,5.7,5.6
,New York,36,2008,2008,1110,19212436,5.8,5.6
,New York,36,2009,2009,1101,19307066,5.7,5.5
,New York,36,2010,2010,1245,19378102,6.4,6.2
,New York,36,2011,2011,1325,19465197,6.8,6.5
,New York,36,2012,2012,1377,19570261,7,6.7
,New York,36,2013,2013,1328,19651127,6.8,6.4
,New York,36,2014,2014,1388,19746227,7,6.6
,New York,36,2015,2015,1328,19795791,6.7,6.4
,New York,36,2016,2016,1373,19745289,7,6.7
,New York,36,2017,2017,1421,19849399,7.2,6.8
,New York,36,2018,2018,1437,19542209,7.4,7
,New York,36,2019,2019,1427,19453561,7.3,7
Total,New York,36,,,25120,406513567,6.2,6
,North Carolina,37,1999,1999,734,7949361,9.2,9.1
,North Carolina,37,2000,2000,778,8049313,9.7,9.6
,North Carolina,37,2001,2001,797,8210122,9.7,9.6
,North Carolina,37,2002,2002,818,8326201,9.8,9.7
,North Carolina,37,2003,2003,792,8422501,9.4,9.3
,North Carolina,37,2004,2004,832,8553152,9.7,9.7
,North Carolina,37,2005,2005,809,8705407,9.3,9.2
,North Carolina,37,2006,2006,877,8917270,9.8,9.6
,North Carolina,37,2007,2007,830,9118037,9.1,9
,North Carolina,37,2008,2008,934,9309449,10,9.9
,North Carolina,37,2009,2009,945,9449566,10,9.8
,North Carolina,37,2010,2010,951,9535483,10,9.8
,North Carolina,37,2011,2011,1002,9656401,10.4,10.2
,North Carolina,37,2012,2012,1015,9752073,10.4,10.1
,North Carolina,37,2013,2013,1054,9848060,10.7,10.3
,North Carolina,37,2014,2014,1104,9943964,11.1,10.7
,North Carolina,37,2015,2015,1148,10042802,11.4,11
,North Carolina,37,2016,2016,1133,10146788,11.2,10.8
,North Carolina,37,2017,2017,1291,10273419,12.6,12.2
,North Carolina,37,2018,2018,1282,10383620,12.3,11.8
,North Carolina,37,2019,2019,1166,10488084,11.1,10.8
Total,North Carolina,37,,,20292,195081073,10.4,10.2
,North Dakota,38,1999,1999,59,644259,9.2,8.9
,North Dakota,38,2000,2000,59,642200,9.2,9
,North Dakota,38,2001,2001,62,639062,9.7,9.9
,North Dakota,38,2002,2002,75,638168,11.8,11.8
,North Dakota,38,2003,2003,63,638817,9.9,9.3
,North Dakota,38,2004,2004,64,644705,9.9,9.8
,North Dakota,38,2005,2005,82,646089,12.7,11.9
,North Dakota,38,2006,2006,75,649422,11.5,11.1
,North Dakota,38,2007,2007,78,652822,11.9,11.6
,North Dakota,38,2008,2008,77,657569,11.7,11.5
,North Dakota,38,2009,2009,82,664968,12.3,12.5
,North Dakota,38,2010,2010,95,672591,14.1,14.1
,North Dakota,38,2011,2011,93,683932,13.6,13.1
,North Dakota,38,2012,2012,96,699628,13.7,13.9
,North Dakota,38,2013,2013,120,723393,16.6,16.2
,North Dakota,38,2014,2014,125,739482,16.9,16.2
,North Dakota,38,2015,2015,109,756927,14.4,15.1
,North Dakota,38,2016,2016,125,757952,16.5,16.8
,North Dakota,38,2017,2017,141,755393,18.7,18.4
,North Dakota,38,2018,2018,130,760077,17.1,16.9
,North Dakota,38,2019,2019,122,762062,16,16.3
Total,North Dakota,38,,,1932,14429518,13.4,13.2
,Ohio,39,1999,1999,919,11335454,8.1,8.1
,Ohio,39,2000,2000,870,11353140,7.7,7.6
,Ohio,39,2001,2001,987,11387404,8.7,8.6
,Ohio,39,2002,2002,1027,11407889,9,8.9
,Ohio,39,2003,2003,888,11434788,7.8,7.7
,Ohio,39,2004,2004,1037,11452251,9.1,9
,Ohio,39,2005,2005,1059,11463320,9.2,9.1
,Ohio,39,2006,2006,1031,11481213,9,8.8
,Ohio,39,2007,2007,1038,11500468,9,8.9
,Ohio,39,2008,2008,1126,11515391,9.8,9.7
,Ohio,39,2009,2009,969,11528896,8.4,8.3
,Ohio,39,2010,2010,1181,11536504,10.2,10.1
,Ohio,39,2011,2011,1202,11544951,10.4,10.2
,Ohio,39,2012,2012,1317,11544225,11.4,11.1
,Ohio,39,2013,2013,1272,11570808,11,10.7
,Ohio,39,2014,2014,1257,11594163,10.8,10.6
,Ohio,39,2015,2015,1401,11613423,12.1,11.8
,Ohio,39,2016,2016,1450,11614373,12.5,12.1
,Ohio,39,2017,2017,1507,11658609,12.9,12.9
,Ohio,39,2018,2018,1614,11689442,13.8,13.5
,Ohio,39,2019,2019,1599,11689100,13.7,13.4
Total,Ohio,39,,,24751,241915812,10.2,10.1
,Oklahoma,40,1999,1999,402,3437147,11.7,11.7
,Oklahoma,40,2000,2000,398,3450654,11.5,11.6
,Oklahoma,40,2001,2001,423,3467100,12.2,12.2
,Oklahoma,40,2002,2002,417,3489080,12,12
,Oklahoma,40,2003,2003,391,3504892,11.2,11.2
,Oklahoma,40,2004,2004,428,3525233,12.1,12.1
,Oklahoma,40,2005,2005,413,3548597,11.6,11.7
,Oklahoma,40,2006,2006,436,3594090,12.1,12.1
,Oklahoma,40,2007,2007,429,3634349,11.8,11.8
,Oklahoma,40,2008,2008,481,3668976,13.1,13
,Oklahoma,40,2009,2009,483,3717572,13,13
,Oklahoma,40,2010,2010,528,3751351,14.1,14.1
,Oklahoma,40,2011,2011,615,3791508,16.2,16.4
,Oklahoma,40,2012,2012,595,3814820,15.6,15.6
,Oklahoma,40,2013,2013,593,3850568,15.4,15.4
,Oklahoma,40,2014,2014,641,3878051,16.5,16.5
,Oklahoma,40,2015,2015,693,3911338,17.7,17.7
,Oklahoma,40,2016,2016,743,3923561,18.9,18.9
,Oklahoma,40,2017,2017,668,3930864,17,16.9
,Oklahoma,40,2018,2018,712,3943079,18.1,18.1
,Oklahoma,40,2019,2019,730,3956971,18.4,18.4
Total,Oklahoma,40,,,11219,77789801,14.4,14.4
,Oregon,41,1999,1999,409,3393941,12.1,11.9
,Oregon,41,2000,2000,415,3421399,12.1,11.9
,Oregon,41,2001,2001,414,3467937,11.9,11.8
,Oregon,41,2002,2002,413,3513424,11.8,11.5
,Oregon,41,2003,2003,471,3547376,13.3,12.9
,Oregon,41,2004,2004,434,3569463,12.2,11.8
,Oregon,41,2005,2005,440,3613202,12.2,11.8
,Oregon,41,2006,2006,440,3670883,12,11.6
,Oregon,41,2007,2007,471,3722417,12.7,12.2
,Oregon,41,2008,2008,475,3768748,12.6,12.1
,Oregon,41,2009,2009,516,3808600,13.5,12.9
,Oregon,41,2010,2010,532,3831074,13.9,13.2
,Oregon,41,2011,2011,532,3871859,13.7,13.6
,Oregon,41,2012,2012,592,3899353,15.2,14.7
,Oregon,41,2013,2013,583,3930065,14.8,14.1
,Oregon,41,2014,2014,663,3970239,16.7,15.8
,Oregon,41,2015,2015,630,4028977,15.6,14.8
,Oregon,41,2016,2016,649,4093465,15.9,15.1
,Oregon,41,2017,2017,691,4142776,16.7,16
,Oregon,41,2018,2018,720,4190713,17.2,16.4
,Oregon,41,2019,2019,769,4217737,18.2,17.3
Total,Oregon,41,,,11259,79673648,14.1,13.6
,Pennsylvania,42,1999,1999,1055,12263805,8.6,8.4
,Pennsylvania,42,2000,2000,1098,12281054,8.9,8.7
,Pennsylvania,42,2001,2001,1062,12298970,8.6,8.5
,Pennsylvania,42,2002,2002,1117,12331031,9.1,8.9
,Pennsylvania,42,2003,2003,1119,12374658,9,8.8
,Pennsylvania,42,2004,2004,1150,12410722,9.3,9
,Pennsylvania,42,2005,2005,1183,12449990,9.5,9.2
,Pennsylvania,42,2006,2006,1150,12510809,9.2,8.9
,Pennsylvania,42,2007,2007,1184,12563937,9.4,9.1
,Pennsylvania,42,2008,2008,1261,12612285,10,9.7
,Pennsylvania,42,2009,2009,1320,12666858,10.4,9.9
,Pennsylvania,42,2010,2010,1284,12702379,10.1,9.7
,Pennsylvania,42,2011,2011,1444,12742886,11.3,10.9
,Pennsylvania,42,2012,2012,1352,12763536,10.6,10.2
,Pennsylvania,42,2013,2013,1488,12773801,11.6,11.2
,Pennsylvania,42,2014,2014,1505,12787209,11.8,11
,Pennsylvania,42,2015,2015,1590,12802503,12.4,11.8
,Pennsylvania,42,2016,2016,1616,12784227,12.6,12
,Pennsylvania,42,2017,2017,1703,12805537,13.3,12.6
,Pennsylvania,42,2018,2018,1721,12807060,13.4,12.7
,Pennsylvania,42,2019,2019,1616,12801989,12.6,12
Total,Pennsylvania,42,,,28018,264535246,10.6,10.2
,Rhode Island,44,1999,1999,73,1040402,7,6.9
,Rhode Island,44,2000,2000,61,1048319,5.8,5.7
,Rhode Island,44,2001,2001,70,1057142,6.6,6.5
,Rhode Island,44,2002,2002,71,1065995,6.7,6.6
,Rhode Island,44,2003,2003,58,1071342,5.4,5.3
,Rhode Island,44,2004,2004,69,1074579,6.4,6.2
,Rhode Island,44,2005,2005,46,1067916,4.3,4.1
,Rhode Island,44,2006,2006,73,1063096,6.9,6.7
,Rhode Island,44,2007,2007,72,1057315,6.8,6.6
,Rhode Island,44,2008,2008,73,1055003,6.9,6.5
,Rhode Island,44,2009,2009,88,1053646,8.4,8.2
,Rhode Island,44,2010,2010,99,1052567,9.4,9.6
,Rhode Island,44,2011,2011,75,1051302,7.1,6.8
,Rhode Island,44,2012,2012,88,1050292,8.4,8
,Rhode Island,44,2013,2013,104,1051511,9.9,9.9
,Rhode Island,44,2014,2014,89,1055173,8.4,8
,Rhode Island,44,2015,2015,97,1056298,9.2,8.7
,Rhode Island,44,2016,2016,101,1056426,9.6,8.9
,Rhode Island,44,2017,2017,98,1059639,9.2,8.9
,Rhode Island,44,2018,2018,85,1057315,8,7.9
,Rhode Island,44,2019,2019,91,1059361,8.6,8.1
Total,Rhode Island,44,,,1681,22204639,7.6,7.3
,South Carolina,45,1999,1999,361,3974682,9.1,9.1
,South Carolina,45,2000,2000,370,4012012,9.2,9.3
,South Carolina,45,2001,2001,407,4064995,10,9.9
,South Carolina,45,2002,2002,389,4107795,9.5,9.5
,South Carolina,45,2003,2003,424,4150297,10.2,10.2
,South Carolina,45,2004,2004,417,4210921,9.9,9.8
,South Carolina,45,2005,2005,437,4270150,10.2,10.1
,South Carolina,45,2006,2006,438,4357847,10.1,9.9
,South Carolina,45,2007,2007,429,4444110,9.7,9.5
,South Carolina,45,2008,2008,474,4528996,10.5,10
,South Carolina,45,2009,2009,518,4589872,11.3,10.9
,South Carolina,45,2010,2010,529,4625364,11.4,11.3
,South Carolina,45,2011,2011,557,4679230,11.9,11.5
,South Carolina,45,2012,2012,580,4723723,12.3,11.8
,South Carolina,45,2013,2013,615,4774839,12.9,12.3
,South Carolina,45,2014,2014,663,4832482,13.7,13.4
,South Carolina,45,2015,2015,650,4896146,13.3,13
,South Carolina,45,2016,2016,718,4961119,14.5,13.9
,South Carolina,45,2017,2017,755,5024369,15,14.7
,South Carolina,45,2018,2018,727,5084127,14.3,13.9
,South Carolina,45,2019,2019,771,5148714,15,14.7
Total,South Carolina,45,,,11229,95461790,11.8,11.5
,South Dakota,46,1999,1999,91,750412,12.1,12
,South Dakota,46,2000,2000,74,754844,9.8,9.8
,South Dakota,46,2001,2001,81,757972,10.7,10.8
,South Dakota,46,2002,2002,80,760020,10.5,10.4
,South Dakota,46,2003,2003,85,763729,11.1,11.2
,South Dakota,46,2004,2004,95,770396,12.3,12.5
,South Dakota,46,2005,2005,94,775493,12.1,11.9
,South Dakota,46,2006,2006,103,783033,13.2,13.1
,South Dakota,46,2007,2007,85,791623,10.7,10.5
,South Dakota,46,2008,2008,103,799124,12.9,12.8
,South Dakota,46,2009,2009,114,807067,14.1,14.4
,South Dakota,46,2010,2010,118,814180,14.5,14.5
,South Dakota,46,2011,2011,114,824082,13.8,13.9
,South Dakota,46,2012,2012,122,833354,14.6,14.4
,South Dakota,46,2013,2013,124,844877,14.7,15.5
,South Dakota,46,2014,2014,123,853175,14.4,14.9
,South Dakota,46,2015,2015,151,858469,17.6,17.7
,South Dakota,46,2016,2016,148,865454,17.1,18.4
,South Dakota,46,2017,2017,166,869666,19.1,19.8
,South Dakota,46,2018,2018,154,882235,17.5,17.7
,South Dakota,46,2019,2019,166,884659,18.8,19.2
Total,South Dakota,46,,,2391,17043864,14,14.1
,Tennessee,47,1999,1999,601,5638706,10.7,10.5
,Tennessee,47,2000,2000,597,5689283,10.5,10.4
,Tennessee,47,2001,2001,605,5750789,10.5,10.4
,Tennessee,47,2002,2002,653,5795918,11.3,11.1
,Tennessee,47,2003,2003,636,5847812,10.9,10.7
,Tennessee,47,2004,2004,668,5910809,11.3,11.1
,Tennessee,47,2005,2005,723,5991057,12.1,11.8
,Tennessee,47,2006,2006,722,6088766,11.9,11.7
,Tennessee,47,2007,2007,711,6175727,11.5,11.3
,Tennessee,47,2008,2008,829,6247411,13.3,12.9
,Tennessee,47,2009,2009,785,6306019,12.4,12.2
,Tennessee,47,2010,2010,801,6346105,12.6,12.4
,Tennessee,47,2011,2011,813,6403353,12.7,12.2
,Tennessee,47,2012,2012,840,6456243,13,12.6
,Tennessee,47,2013,2013,888,6495978,13.7,13.3
,Tennessee,47,2014,2014,864,6549352,13.2,12.8
,Tennessee,47,2015,2015,917,6600299,13.9,13.5
,Tennessee,47,2016,2016,956,6651194,14.4,14
,Tennessee,47,2017,2017,1027,6715984,15.3,14.9
,Tennessee,47,2018,2018,1038,6770010,15.3,14.9
,Tennessee,47,2019,2019,1091,6829174,16,15.5
Total,Tennessee,47,,,16765,131259989,12.8,12.5
,Texas,48,1999,1999,1670,20558220,8.1,8.5
,Texas,48,2000,2000,1752,20851820,8.4,8.7
,Texas,48,2001,2001,1865,21319622,8.7,9.1
,Texas,48,2002,2002,1892,21690325,8.7,9.1
,Texas,48,2003,2003,1949,22030931,8.8,9.2
,Texas,48,2004,2004,1920,22394023,8.6,8.9
,Texas,48,2005,2005,2040,22778123,9,9.2
,Texas,48,2006,2006,2007,23359580,8.6,8.9
,Texas,48,2007,2007,2106,23831983,8.8,9
,Texas,48,2008,2008,2204,24309039,9.1,9.3
,Texas,48,2009,2009,2405,24801761,9.7,9.9
,Texas,48,2010,2010,2513,25145561,10,10.2
,Texas,48,2011,2011,2497,25674681,9.7,9.9
,Texas,48,2012,2012,2608,26059203,10,10.2
,Texas,48,2013,2013,2676,26448193,10.1,10.2
,Texas,48,2014,2014,2812,26956958,10.4,10.6
,Texas,48,2015,2015,3040,27469114,11.1,11.2
,Texas,48,2016,2016,3058,27862596,11,11
,Texas,48,2017,2017,3369,28304596,11.9,11.9
,Texas,48,2018,2018,3542,28701845,12.3,12.4
,Texas,48,2019,2019,3512,28995881,12.1,12.1
Total,Texas,48,,,51437,519544055,9.9,10.1
,Utah,49,1999,1999,210,2203482,9.5,10.3
,Utah,49,2000,2000,240,2233169,10.7,11.9
,Utah,49,2001,2001,251,2283715,11,12
,Utah,49,2002,2002,253,2324815,10.9,11.8
,Utah,49,2003,2003,265,2360137,11.2,12.2
,Utah,49,2004,2004,294,2401580,12.2,13.2
,Utah,49,2005,2005,286,2457719,11.6,12.5
,Utah,49,2006,2006,281,2525507,11.1,12.3
,Utah,49,2007,2007,302,2597746,11.6,12.5
,Utah,49,2008,2008,292,2663029,11,11.7
,Utah,49,2009,2009,347,2723421,12.7,13.7
,Utah,49,2010,2010,392,2763885,14.2,15
,Utah,49,2011,2011,399,2817222,14.2,15.5
,Utah,49,2012,2012,420,2855287,14.7,15.9
,Utah,49,2013,2013,475,2900872,16.4,17.4
,Utah,49,2014,2014,446,2942902,15.2,16.4
,Utah,49,2015,2015,493,2995919,16.5,17.2
,Utah,49,2016,2016,503,3051217,16.5,17.6
,Utah,49,2017,2017,528,3101833,17,18
,Utah,49,2018,2018,555,3161105,17.6,18.5
,Utah,49,2019,2019,557,3205958,17.4,18.1
Total,Utah,49,,,7789,56570520,13.8,14.8
,Vermont,50,1999,1999,54,604683,8.9,8.8
,Vermont,50,2000,2000,63,608827,10.3,10.1
,Vermont,50,2001,2001,59,612223,9.6,9.4
,Vermont,50,2002,2002,77,615442,12.5,12
,Vermont,50,2003,2003,68,617858,11,10.7
,Vermont,50,2004,2004,81,619920,13.1,12.8
,Vermont,50,2005,2005,58,621215,9.3,9.2
,Vermont,50,2006,2006,63,622892,10.1,9.6
,Vermont,50,2007,2007,69,623481,11.1,10.7
,Vermont,50,2008,2008,75,624151,12,11.4
,Vermont,50,2009,2009,74,624817,11.8,11.4
,Vermont,50,2010,2010,84,625741,13.4,12.6
,Vermont,50,2011,2011,101,626431,16.1,14.9
,Vermont,50,2012,2012,69,626011,11,10.7
,Vermont,50,2013,2013,88,626630,14,13
,Vermont,50,2014,2014,101,626562,16.1,15.3
,Vermont,50,2015,2015,86,626042,13.7,12.3
,Vermont,50,2016,2016,101,624594,16.2,14.7
,Vermont,50,2017,2017,95,623657,15.2,15.9
,Vermont,50,2018,2018,112,626299,17.9,17.1
,Vermont,50,2019,2019,96,623989,15.4,14
Total,Vermont,50,,,1674,13051465,12.8,12.2
,Virginia,51,1999,1999,647,7000174,9.2,9.2
,Virginia,51,2000,2000,633,7078515,8.9,9
,Virginia,51,2001,2001,630,7198362,8.8,8.7
,Virginia,51,2002,2002,681,7286873,9.3,9.3
,Virginia,51,2003,2003,654,7366977,8.9,8.8
,Virginia,51,2004,2004,696,7475575,9.3,9.2
,Virginia,51,2005,2005,711,7577105,9.4,9.2
,Virginia,51,2006,2006,706,7673725,9.2,9
,Virginia,51,2007,2007,691,7751000,8.9,8.8
,Virginia,51,2008,2008,776,7833496,9.9,9.7
,Virginia,51,2009,2009,785,7925937,9.9,9.6
,Virginia,51,2010,2010,828,8001024,10.3,10.1
,Virginia,51,2011,2011,872,8096604,10.8,10.4
,Virginia,51,2012,2012,883,8185867,10.8,10.5
,Virginia,51,2013,2013,892,8260405,10.8,10.4
,Virginia,51,2014,2014,940,8326289,11.3,10.8
,Virginia,51,2015,2015,960,8382993,11.5,10.9
,Virginia,51,2016,2016,1012,8411808,12,11.5
,Virginia,51,2017,2017,1009,8470020,11.9,11.5
,Virginia,51,2018,2018,1073,8517685,12.6,12.1
,Virginia,51,2019,2019,1008,8535519,11.8,11.3
Total,Virginia,51,,,17087,165355953,10.3,10
,Washington,53,1999,1999,651,5842564,11.1,11.2
,Washington,53,2000,2000,570,5894121,9.7,9.7
,Washington,53,2001,2001,575,5985722,9.6,9.6
,Washington,53,2002,2002,634,6052349,10.5,10.5
,Washington,53,2003,2003,638,6104115,10.5,10.4
,Washington,53,2004,2004,653,6178645,10.6,10.5
,Washington,53,2005,2005,621,6257305,9.9,9.7
,Washington,53,2006,2006,626,6370753,9.8,9.6
,Washington,53,2007,2007,662,6461587,10.2,10
,Washington,53,2008,2008,684,6562231,10.4,10.1
,Washington,53,2009,2009,748,6667426,11.2,10.9
,Washington,53,2010,2010,736,6724540,10.9,10.8
,Washington,53,2011,2011,800,6830038,11.7,11.3
,Washington,53,2012,2012,841,6897012,12.2,11.9
,Washington,53,2013,2013,826,6971406,11.8,11.4
,Washington,53,2014,2014,906,7061530,12.8,12.4
,Washington,53,2015,2015,921,7170351,12.8,12.6
,Washington,53,2016,2016,921,7288000,12.6,12.1
,Washington,53,2017,2017,1100,7405743,14.9,14.4
,Washington,53,2018,2018,1066,7535591,14.1,13.6
,Washington,53,2019,2019,1063,7614893,14,13.5
Total,Washington,53,,,16242,139875922,11.6,11.3
,West Virginia,54,1999,1999,200,1811799,11,10.5
,West Virginia,54,2000,2000,208,1808344,11.5,11.2
,West Virginia,54,2001,2001,237,1801481,13.2,12.4
,West Virginia,54,2002,2002,245,1805414,13.6,13.2
,West Virginia,54,2003,2003,236,1812295,13,12.4
,West Virginia,54,2004,2004,240,1816438,13.2,12.9
,West Virginia,54,2005,2005,230,1820492,12.6,11.9
,West Virginia,54,2006,2006,233,1827912,12.7,12.1
,West Virginia,54,2007,2007,268,1834052,14.6,14.2
,West Virginia,54,2008,2008,221,1840310,12,11.5
,West Virginia,54,2009,2009,227,1847775,12.3,11.9
,West Virginia,54,2010,2010,248,1852994,13.4,12.6
,West Virginia,54,2011,2011,267,1855364,14.4,13.9
,West Virginia,54,2012,2012,284,1855413,15.3,15
,West Virginia,54,2013,2013,289,1854304,15.6,14.7
,West Virginia,54,2014,2014,307,1850326,16.6,15.5
,West Virginia,54,2015,2015,299,1844128,16.2,15.2
,West Virginia,54,2016,2016,322,1831102,17.6,17.1
,West Virginia,54,2017,2017,352,1815857,19.4,18.9
,West Virginia,54,2018,2018,362,1805832,20,19.4
,West Virginia,54,2019,2019,295,1792147,16.5,16.5
Total,West Virginia,54,,,5570,38383779,14.5,13.9
,Wisconsin,55,1999,1999,460,5332666,8.6,8.5
,Wisconsin,55,2000,2000,460,5363675,8.6,8.5
,Wisconsin,55,2001,2001,514,5406835,9.5,9.4
,Wisconsin,55,2002,2002,504,5445162,9.3,9.1
,Wisconsin,55,2003,2003,506,5479203,9.2,9.1
,Wisconsin,55,2004,2004,507,5514026,9.2,9.1
,Wisconsin,55,2005,2005,485,5546166,8.7,8.7
,Wisconsin,55,2006,2006,513,5577655,9.2,9.2
,Wisconsin,55,2007,2007,577,5610775,10.3,10.1
,Wisconsin,55,2008,2008,578,5640996,10.2,10
,Wisconsin,55,2009,2009,563,5669264,9.9,9.7
,Wisconsin,55,2010,2010,632,5686986,11.1,10.7
,Wisconsin,55,2011,2011,601,5711767,10.5,10.4
,Wisconsin,55,2012,2012,595,5726398,10.4,10.2
,Wisconsin,55,2013,2013,706,5742713,12.3,12
,Wisconsin,55,2014,2014,621,5757564,10.8,10.5
,Wisconsin,55,2015,2015,712,5771337,12.3,12
,Wisconsin,55,2016,2016,730,5778708,12.6,12.4
,Wisconsin,55,2017,2017,784,5795483,13.5,13
,Wisconsin,55,2018,2018,751,5813568,12.9,12.5
,Wisconsin,55,2019,2019,721,5822434,12.4,11.9
Total,Wisconsin,55,,,12520,118193381,10.6,10.4
,Wyoming,56,1999,1999,79,491780,16.1,16.3
,Wyoming,56,2000,2000,67,493782,13.6,13.4
,Wyoming,56,2001,2001,73,494657,14.8,14.5
,Wyoming,56,2002,2002,95,500017,19,18.8
,Wyoming,56,2003,2003,99,503453,19.7,19.9
,Wyoming,56,2004,2004,68,509106,13.4,13.6
,Wyoming,56,2005,2005,76,514157,14.8,14.5
,Wyoming,56,2006,2006,89,522667,17,16.5
,Wyoming,56,2007,2007,86,534876,16.1,16.7
,Wyoming,56,2008,2008,109,546043,20,19.7
,Wyoming,56,2009,2009,104,559851,18.6,19
,Wyoming,56,2010,2010,106,563626,18.8,18.1
,Wyoming,56,2011,2011,109,568158,19.2,19.3
,Wyoming,56,2012,2012,140,576412,24.3,24.3
,Wyoming,56,2013,2013,109,582658,18.7,18
,Wyoming,56,2014,2014,96,584153,16.4,16.5
,Wyoming,56,2015,2015,139,586107,23.7,24.7
,Wyoming,56,2016,2016,121,585501,20.7,21.2
,Wyoming,56,2017,2017,143,579315,24.7,24.5
,Wyoming,56,2018,2018,137,577737,23.7,23.7
,Wyoming,56,2019,2019,150,578759,25.9,25.9
Total,Wyoming,56,,,2195,11452815,19.2,19.1
Total,,,,,657604,6416872524,10.2,10
---,,,,,,,,
"Dataset: Underlying Cause of Death, 1999-2019",,,,,,,,
Query Parameters:,,,,,,,,
"ICD-10 Codes: X70 (Intentional self-harm by hanging, strangulation and suffocation); X71 (Intentional self-harm by drowning and",,,,,,,,
"submersion); X72 (Intentional self-harm by handgun discharge); X73 (Intentional self-harm by rifle, shotgun and larger firearm",,,,,,,,
discharge); X74 (Intentional self-harm by other and unspecified firearm discharge); X75 (Intentional self-harm by explosive,,,,,,,,
"material); X76 (Intentional self-harm by smoke, fire and flames); X77 (Intentional self-harm by steam, hot vapours and hot",,,,,,,,
objects); X78 (Intentional self-harm by sharp object); X79 (Intentional self-harm by blunt object); X80 (Intentional self-harm,,,,,,,,
by jumping from a high place); X81 (Intentional self-harm by jumping or lying before moving object); X82 (Intentional self-harm,,,,,,,,
by crashing of motor vehicle),,,,,,,,
Group By: State; Year,,,,,,,,
Show Totals: True,,,,,,,,
Show Zero Values: False,,,,,,,,
Show Suppressed: False,,,,,,,,
Standard Population: 2000 U.S. Std. Population,,,,,,,,
"Calculate Rates Per: 100,000",,,,,,,,
Rate Options: Default intercensal populations for years 2001-2009 (except Infant Age Groups),,,,,,,,
---,,,,,,,,
Help: See http://wonder.cdc.gov/wonder/help/ucd.html for more information.,,,,,,,,
---,,,,,,,,
"Query Date: Dec 2, 2021 5:16:19 AM",,,,,,,,
---,,,,,,,,
"Suggested Citation: Centers for Disease Control and Prevention, National Center for Health Statistics. Underlying Cause of Death",,,,,,,,
"1999-2019 on CDC WONDER Online Database, released in 2020. Data are from the Multiple Cause of Death Files, 1999-2019, as",,,,,,,,
compiled from data provided by the 57 vital statistics jurisdictions through the Vital Statistics Cooperative Program. Accessed,,,,,,,,
"at http://wonder.cdc.gov/ucd-icd10.html on Dec 2, 2021 5:16:19 AM",,,,,,,,
---,,,,,,,,
Caveats:,,,,,,,,
"1. As of April 3, 2017, the underlying cause of death has been revised for 125 deaths in 2014. More information:",,,,,,,,
http://wonder.cdc.gov/wonder/help/ucd.html#2014-Revision.,,,,,,,,
2. Circumstances in Georgia for the years 2008 and 2009 have resulted in unusually high death counts for the ICD-10 cause of,,,,,,,,
"death code R99, ""Other ill-defined and unspecified causes of mortality."" Caution should be used in interpreting these data.",,,,,,,,
More information: http://wonder.cdc.gov/wonder/help/ucd.html#Georgia-Reporting-Anomalies.,,,,,,,,
3. Circumstances in New Jersey for the year 2009 have resulted in unusually high death counts for the ICD-10 cause of death code,,,,,,,,
"R99, ""Other ill-defined and unspecified causes of mortality"" and therefore unusually low death counts in other ICD-10 codes,",,,,,,,,
"most notably R95, ""Sudden Infant Death Syndrome"" and X40-X49, ""Unintentional poisoning."" Caution should be used in",,,,,,,,
interpreting these data. More information: http://wonder.cdc.gov/wonder/help/ucd.html#New-Jersey-Reporting-Anomalies.,,,,,,,,
"4. Circumstances in California resulted in unusually high death counts for the ICD-10 cause of death code R99, ""Other",,,,,,,,
"ill-defined and unspecified causes of mortality"" for deaths occurring in years 2000 and 2001. Caution should be used in",,,,,,,,
interpreting these data. More information: http://wonder.cdc.gov/wonder/help/ucd.html#California-Reporting-Anomalies.,,,,,,,,
5. The populations used to calculate standard age-adjusted rates are documented here: More information:,,,,,,,,
http://wonder.cdc.gov/wonder/help/ucd.html#2000 Standard Population.,,,,,,,,
6. The method used to calculate age-adjusted rates is documented here: More information:,,,,,,,,
http://wonder.cdc.gov/wonder/help/ucd.html#Age-Adjusted Rates.,,,,,,,,
"7. Deaths for persons of unknown age are included in counts and crude rates, but are not included in age-adjusted rates.",,,,,,,,
"8. The population figures for year 2019 are bridged-race estimates of the July 1 resident population, from the Vintage 2019",,,,,,,,
"postcensal series released by NCHS on July 9, 2020. The population figures for year 2018 are bridged-race estimates of the July",,,,,,,,
"1 resident population, from the Vintage 2018 postcensal series released by NCHS on June 25, 2019. The population figures for",,,,,,,,
"year 2017 are bridged-race estimates of the July 1 resident population, from the Vintage 2017 postcensal series released by NCHS",,,,,,,,
"on June 27, 2018. The population figures for year 2016 are bridged-race estimates of the July 1 resident population, from the",,,,,,,,
"Vintage 2016 postcensal series released by NCHS on June 26, 2017. The population figures for year 2015 are bridged-race",,,,,,,,
"estimates of the July 1 resident population, from the Vintage 2015 postcensal series released by NCHS on June 28, 2016. The",,,,,,,,
"population figures for year 2014 are bridged-race estimates of the July 1 resident population, from the Vintage 2014 postcensal",,,,,,,,
"series released by NCHS on June 30, 2015. The population figures for year 2013 are bridged-race estimates of the July 1 resident",,,,,,,,
"population, from the Vintage 2013 postcensal series released by NCHS on June 26, 2014. The population figures for year 2012 are",,,,,,,,
"bridged-race estimates of the July 1 resident population, from the Vintage 2012 postcensal series released by NCHS on June 13,",,,,,,,,
"2013. The population figures for year 2011 are bridged-race estimates of the July 1 resident population, from the Vintage 2011",,,,,,,,
"postcensal series released by NCHS on July 18, 2012. Population figures for 2010 are April 1 Census counts. The population",,,,,,,,
"figures for years 2001 - 2009 are bridged-race estimates of the July 1 resident population, from the revised intercensal",,,,,,,,
"county-level 2000 - 2009 series released by NCHS on October 26, 2012. Population figures for 2000 are April 1 Census counts.",,,,,,,,
Population figures for 1999 are from the 1990-1999 intercensal series of July 1 estimates. Population figures for the infant age,,,,,,,,
groups are the number of live births. <br/><b>Note:</b> Rates and population figures for years 2001 - 2009 differ slightly from,,,,,,,,
"previously published reports, due to use of the population estimates which were available at the time of release.",,,,,,,,
9. The population figures used in the calculation of death rates for the age group 'under 1 year' are the estimates of the,,,,,,,,
resident population that is under one year of age. More information: http://wonder.cdc.gov/wonder/help/ucd.html#Age Group.,,,,,,,,
10. Changes to cause of death classification affect reporting trends. More information:,,,,,,,,
http://wonder.cdc.gov/wonder/help/ucd.html#ICD-10 Changes.,,,,,,,,
